event_date,event_return,entry_date,entry_px,exit_date,exit_px,gross,net,retraced
2007-10-18,-0.03746871224895365,2007-10-19,5360.35009765625,2007-10-25,5568.9501953125,0.03891538684151574,0.03791538684151574,True
2007-11-20,-0.02145523213041356,2007-11-21,5778.7998046875,2007-11-27,5698.14990234375,-0.013956168247657663,-0.014956168247657664,False
2007-12-17,-0.044760849012045356,2007-12-18,5777.60009765625,2007-12-26,6070.75,0.05073904344169988,0.04973904344169988,True
2008-01-15,-0.021355579180658557,2008-01-16,6065.0,2008-01-22,4899.2998046875,-0.19220118636644679,-0.1932011863664468,False
2008-01-22,-0.05941867831462344,2008-01-23,4903.0498046875,2008-01-29,5280.7998046875,0.07704388391871042,0.07604388391871042,True
2008-01-30,-0.02143609135320157,2008-01-31,5172.25,2008-02-06,5322.5498046875,0.029058882437527078,0.028058882437527077,True
2008-02-06,-0.029422509624453808,2008-02-07,5322.5498046875,2008-02-13,4929.4501953125,-0.07385550606380464,-0.07485550606380464,False
2008-02-20,-0.02392622595972027,2008-02-21,5156.89990234375,2008-02-27,5268.39990234375,0.0216215172121772,0.0206215172121772,False
2008-03-03,-0.05178520149325161,2008-03-04,4958.5498046875,2008-03-11,4865.89990234375,-0.018684878844246855,-0.019684878844246856,False
2008-03-13,-0.050985201630490584,2008-03-14,4623.7998046875,2008-03-24,4609.85009765625,-0.0030169357715504885,-0.0040169357715504886,False
2008-03-31,-0.04198704977741807,2008-04-01,4735.64990234375,2008-04-07,4761.2001953125,0.005395308668426857,0.004395308668426857,False
2008-06-02,-0.02679616381248584,2008-06-03,4739.2998046875,2008-06-09,4500.9501953125,-0.05029215690032007,-0.051292156900320074,False
2008-06-09,-0.027410349351437824,2008-06-10,4522.0,2008-06-16,4572.5,0.011167624944714794,0.010167624944714793,False
2008-06-20,-0.03478940896098126,2008-06-23,4351.14990234375,2008-06-27,4136.64990234375,-0.049297313311237434,-0.050297313311237435,False
2008-06-27,-0.04152141322281233,2008-06-30,4136.25,2008-07-04,4016.0,-0.029072227258990613,-0.030072227258990614,False
2008-07-11,-0.027197200999602766,2008-07-14,4047.449951171875,2008-07-18,4092.25,0.011068709772471319,0.010068709772471318,False
2008-07-25,-0.02744972141794355,2008-07-28,4282.25,2008-08-01,4413.5498046875,0.030661405730048497,0.029661405730048496,False
2008-08-14,-0.0217152854608067,2008-08-18,4430.7001953125,2008-08-22,4327.4501953125,-0.02330331447594547,-0.02430331447594547,False
2008-09-05,-0.021460332822775596,2008-09-08,4358.2998046875,2008-09-12,4228.4501953125,-0.029793638619202478,-0.03079363861920248,False
2008-09-15,-0.03678659692886699,2008-09-16,4072.550048828125,2008-09-22,4223.0498046875,0.03695467312984424,0.03595467312984424,False
2008-09-23,-0.022767882641835158,2008-09-24,4125.75,2008-09-30,3921.199951171875,-0.04957887628385749,-0.05057887628385749,False
2008-10-03,-0.033525267650920676,2008-10-06,3817.300048828125,2008-10-13,3490.699951171875,-0.08555787951657434,-0.08655787951657434,False
2008-10-15,-0.05122703451682897,2008-10-16,3333.85009765625,2008-10-22,3065.14990234375,-0.0805975636101337,-0.0815975636101337,False
2008-10-22,-0.05247457575951975,2008-10-23,3064.800048828125,2008-10-31,2885.60009765625,-0.05847035640722953,-0.05947035640722953,False
2008-11-05,-0.046831781900944836,2008-11-06,2998.449951171875,2008-11-12,2848.449951171875,-0.05002584750209882,-0.05102584750209882,False
2008-11-12,-0.030694350864978848,2008-11-14,2848.0,2008-11-20,2553.14990234375,-0.1035288264242451,-0.1045288264242451,False
2008-11-20,-0.03106265565702082,2008-11-21,2553.60009765625,2008-11-28,2755.10009765625,0.07890820500239681,0.07790820500239681,True
2008-12-01,-0.0262060153001048,2008-12-02,2672.89990234375,2008-12-08,2784.0,0.041565379069687935,0.040565379069687935,True
2008-12-17,-0.028733427251993127,2008-12-18,2955.35009765625,2008-12-24,2916.85009765625,-0.013027221387588717,-0.014027221387588718,False
2008-12-26,-0.020433034150140195,2008-12-29,2857.14990234375,2009-01-05,3121.449951171875,0.09250478898965597,0.09150478898965597,True
2009-01-07,-0.061809349610106756,2009-01-09,2919.949951171875,2009-01-15,2736.699951171875,-0.06275792498650723,-0.06375792498650723,False
2009-01-15,-0.03477589530497949,2009-01-16,2737.0,2009-01-22,2713.800048828125,-0.008476416211865234,-0.009476416211865235,False
2009-02-02,-0.03762005866406637,2009-02-03,2773.5,2009-02-09,2919.89990234375,0.05278525413511814,0.05178525413511814,True
2009-02-16,-0.03386643185136817,2009-02-17,2853.85009765625,2009-02-24,2733.89990234375,-0.0420310076590954,-0.0430310076590954,False
2009-03-02,-0.032221810950793794,2009-03-03,2672.14990234375,2009-03-09,2573.14990234375,-0.03704881972121654,-0.03804881972121654,False
2009-03-30,-0.041979638781970974,2009-03-31,2981.699951171875,2009-04-08,3342.949951171875,0.12115571852158391,0.12015571852158391,True
2009-04-16,-0.03290613365016992,2009-04-17,3369.5,2009-04-23,3423.699951171875,0.016085458130842945,0.015085458130842944,False
2009-04-28,-0.031023026612031712,2009-04-29,3371.64990234375,2009-05-07,3683.89990234375,0.09261044564055854,0.09161044564055854,True
2009-05-26,-0.028518746668491857,2009-05-27,4117.2998046875,2009-06-02,4525.25,0.09908197475638114,0.09808197475638114,True
2009-06-08,-0.034227910646094206,2009-06-09,4427.75,2009-06-15,4484.0,0.01270396928462536,0.01170396928462536,False
2009-06-15,-0.021686936436186022,2009-06-16,4478.10009765625,2009-06-22,4235.25,-0.05423060949069736,-0.05523060949069736,False
2009-06-30,-0.022739974997403434,2009-07-01,4292.2998046875,2009-07-07,4202.14990234375,-0.02100270401552562,-0.02200270401552562,False
2009-07-08,-0.029330224495622392,2009-07-09,4078.75,2009-07-15,4233.5,0.0379405455102666,0.0369405455102666,True
2009-08-06,-0.02314581012623862,2009-08-07,4591.89990234375,2009-08-13,4605.0,0.0028528709107016326,0.0018528709107016325,False
2009-08-17,-0.041953670928882025,2009-08-18,4389.5,2009-08-24,4642.7998046875,0.05770584455803629,0.05670584455803629,True
2009-10-27,-0.024985356670065073,2009-10-28,4846.5498046875,2009-11-04,4710.7998046875,-0.028009616215788125,-0.029009616215788125,False
2009-11-26,-0.02008556906467729,2009-11-27,5005.0498046875,2009-12-03,5131.7001953125,0.025304521546695602,0.0243045215466956,True
2010-01-21,-0.024426965968527115,2010-01-22,5094.14990234375,2010-01-29,4882.0498046875,-0.041636014197121596,-0.0426360141971216,False
2010-02-05,-0.026148821603992345,2010-02-08,4755.35009765625,2010-02-15,4801.9501953125,0.009799509331440692,0.008799509331440691,False
2010-05-19,-0.028927063147710874,2010-05-20,4924.2998046875,2010-05-26,4917.39990234375,-0.001401194609877754,-0.002401194609877754,False
2010-06-01,-0.02282594692275186,2010-06-02,4970.75,2010-06-08,4987.10009765625,0.0032892617122668444,0.0022892617122668444,False
2010-11-16,-0.021709994155716394,2010-11-18,6075.9501953125,2010-11-24,5865.75,-0.034595444096080064,-0.035595444096080064,False
2010-12-09,-0.023239695576248276,2010-12-10,5761.0,2010-12-16,5948.75,0.032589828154834244,0.03158982815483424,True
2011-01-07,-0.02375065553569211,2011-01-10,5901.2998046875,2011-01-14,5654.5498046875,-0.04181282228772765,-0.04281282228772765,False
2011-02-04,-0.02370289953408422,2011-02-07,5430.14990234375,2011-02-11,5310.0,-0.022126443008855246,-0.023126443008855246,False
2011-02-24,-0.03212040777345426,2011-02-25,5321.0498046875,2011-03-04,5538.75,0.04091301590913887,0.03991301590913887,True
2011-05-03,-0.02386294517885945,2011-05-04,5567.7001953125,2011-05-10,5541.25,-0.004750650068185869,-0.005750650068185869,False
2011-06-20,-0.020218396313068876,2011-06-21,5280.7998046875,2011-06-27,5526.60009765625,0.046546035081762804,0.0455460350817628,True
2011-08-05,-0.022609589463865043,2011-08-08,5083.85009765625,2011-08-12,5072.9501953125,-0.0021440251255195886,-0.0031440251255195886,False
2011-08-18,-0.02223830106015723,2011-08-19,4859.2998046875,2011-08-25,4839.60009765625,-0.004054021736268787,-0.005054021736268787,False
2011-09-12,-0.022265342334898075,2011-09-13,4977.7998046875,2011-09-19,5031.9501953125,0.01087837855070184,0.009878378550701838,False
2011-09-22,-0.04083185070983297,2011-09-23,4873.75,2011-09-29,5015.4501953125,0.02907416164401133,0.02807416164401133,False
2011-11-21,-0.025979394207947815,2011-11-22,4794.85009765625,2011-11-29,4805.10009765625,0.002137710208085508,0.0011377102080855081,False
2011-12-08,-0.023495870307348232,2011-12-09,4870.75,2011-12-15,4746.35009765625,-0.025540194496484148,-0.02654019449648415,False
2012-01-30,-0.02255660964501549,2012-01-31,5125.25,2012-02-06,5361.64990234375,0.04612456023486655,0.04512456023486655,True
2012-02-27,-0.027277846997348587,2012-02-28,5310.5,2012-03-05,5280.35009765625,-0.005677413114348884,-0.006677413114348884,False
2012-03-22,-0.025442920256606216,2012-03-23,5255.64990234375,2012-03-29,5178.85009765625,-0.014612808332847949,-0.01561280833284795,False
2012-05-08,-0.02233014464024874,2012-05-09,4967.89990234375,2012-05-15,4942.7998046875,-0.005052456400018945,-0.006052456400018945,False
2013-05-23,-0.020912330020920522,2013-05-24,6010.7001953125,2013-05-30,6124.0498046875,0.018857970900527876,0.017857970900527875,True
2013-05-31,-0.022550373328005135,2013-06-03,5997.35009765625,2013-06-07,5881.0,-0.01940025107117216,-0.02040025107117216,False
2013-06-20,-0.028571445344368618,2013-06-21,5639.89990234375,2013-06-27,5682.35009765625,0.007526763958143778,0.006526763958143778,False
2013-08-06,-0.025178510712102753,2013-08-07,5549.2998046875,2013-08-14,5742.2998046875,0.03477916255974711,0.03377916255974711,True
2013-08-16,-0.04082853821736476,2013-08-19,5497.5498046875,2013-08-23,5471.75,-0.0046929642484551115,-0.0056929642484551115,False
2013-08-27,-0.03452018710627225,2013-08-28,5233.4501953125,2013-09-03,5341.4501953125,0.0206364818560294,0.019636481856029397,False
2013-09-03,-0.03770658103634639,2013-09-04,5358.64990234375,2013-09-11,5913.14990234375,0.10347755686697768,0.10247755686697768,True
2013-09-23,-0.020350642149811637,2013-09-24,5855.0,2013-09-30,5735.2998046875,-0.020444098260034127,-0.021444098260034128,False
2013-11-21,-0.020227359524339406,2013-11-22,6027.35009765625,2013-11-28,6091.85009765625,0.01070122009754848,0.00970122009754848,False
2014-01-27,-0.020888004522878645,2014-01-28,6131.85009765625,2014-02-03,6001.7998046875,-0.021208981122754267,-0.022208981122754268,False
2014-07-08,-0.021053878387766067,2014-07-09,7637.9501953125,2014-07-15,7526.64990234375,-0.014572010830478654,-0.015572010830478655,False
2015-01-06,-0.029963988501869876,2015-01-07,8118.64990234375,2015-01-13,8299.400390625,0.022263614080596072,0.02126361408059607,False
2015-03-09,-0.02025118178512486,2015-03-10,8769.75,2015-03-16,8633.150390625,-0.015576226160951001,-0.016576226160951002,False
2015-03-26,-0.022113918786236364,2015-03-27,8396.0,2015-04-06,8659.900390625,0.03143168063661261,0.030431680636612612,True
2015-05-06,-0.02736399793773192,2015-05-07,8077.0,2015-05-13,8235.4501953125,0.019617456396248567,0.018617456396248566,False
2015-06-02,-0.023353592405198742,2015-06-03,8232.4501953125,2015-06-09,8022.39990234375,-0.02551491815745832,-0.026514918157458323,False
2015-08-24,-0.05915098088055637,2015-08-25,7895.39990234375,2015-08-31,7971.2998046875,0.00961318024198099,0.008613180241980989,False
2015-09-01,-0.023264675971940818,2015-09-02,7856.64990234375,2015-09-08,7688.25,-0.02143405961025624,-0.02243405961025624,False
2015-09-22,-0.02069675641963653,2015-09-23,7737.35009765625,2015-09-30,7948.89990234375,0.027341376830238184,0.026341376830238183,False
2016-01-07,-0.022309804329221028,2016-01-08,7611.64990234375,2016-01-14,7536.7998046875,-0.009833623277024639,-0.01083362327702464,False
2016-02-11,-0.03317073758299127,2016-02-12,7023.64990234375,2016-02-18,7191.75,0.023933439165320092,0.02293343916532009,False
2016-04-05,-0.02005459778469787,2016-04-06,7636.0498046875,2016-04-12,7708.9501953125,0.00954687207255378,0.00854687207255378,False
2016-06-24,-0.021987932139331257,2016-06-27,8039.35009765625,2016-07-01,8328.349609375,0.035948118717084254,0.03494811871708425,True
2016-11-11,-0.026912611243878892,2016-11-15,8284.849609375,2016-11-21,7929.10009765625,-0.04293976698336077,-0.04393976698336077,False
